{
    "CentrosHospitalarios":[
        {
            "idCentro":2312321,
            "nombre":"Maria Auxiliadora de los Corazones Grandes de Jebus",
            "provincia": "Chaco",
            "ciudad" : "Barranqueras",
            "direccion" : "9 de Julio 4567",
            "tipo": "Hospital" 
        }
    ],
    "Envios":[{
        "idCentro":3432,
        "camillas" :13,
        "jabonLitros" : 45,
        "alcoholLitros" : 32,
        "barbijos" : 123,
        "jeringas" :45,
        "cofias" : 32
        }
    ],
    "InformacionCOVID":{
        "totalEnfermos":1232,
        "totalFallecidos": 1294,
        "totalRecuperados":3432
    }

}
